candidate_id,heliostat_count,annual_energy_proxy_gwh,energy_ratio_vs_baseline,capex_proxy_musd,lcoe_proxy_cent_kwh,flux_risk_index,min_neighbor_m,terrain_elevation_range_m,terrain_slope_p95_pct,terrain_slope_mean_pct,layout_quality_score,sector_coverage_ratio,annular_coverage_ratio,ellipse_axis_ratio,extent_x_ratio,extent_y_ratio,is_publishable_geometry,x_scale,y_scale,radial_scale,radial_wave,twist,az_wave,petal_amp,petal_order,petal_phase,petal_twist,north_bias,generation,best_strategy,best_aiming_objective,best_intercept_fraction_proxy,best_spillage_proxy,best_peak_to_mean_proxy,best_cv_active_proxy,searched_strategy_count,group_count,joint_loss,delta_energy_pct,delta_peak_to_mean_pct_vs_baseline_best,delta_spillage_pctpt_vs_baseline_best,is_joint_pareto
joint_g04_0478,11915,447.32745628083126,0.9980473125104178,843.640973807182,15.270168432224693,0.9723898460807618,16.841469515598686,35.48514517954891,1.2654998954989083,1.0091370304675409,0.9914373094682862,1.0,1.0,1.032038494986687,1.0,0.9914373094682862,1,1.0245715386868754,0.9674914552166821,0.014945169225249733,0.015869403482880188,0.03277349330948143,0.015362452897121327,0.0,0.0,0.0,0.0,-0.0019014352357344722,4,staggered_levels:9:0.380:5,1.644771462861816,0.994595528963618,0.005404471036381975,1.441274627383948,0.22088738429759194,23,350,-7.1028078252294975,-0.19526874895822166,-7.222243156252162,0.002006253182607054,1
joint_g03_0355,11915,447.29164902525207,0.9979674217398036,843.6451426838623,15.27146632646024,0.9753864801521668,16.879981830091797,35.58936709655677,1.2651260356166176,1.0090238058231498,0.9950411046675377,1.0,1.0,1.0279432272122073,1.0,0.9950411046675377,1,1.0239931289854014,0.9689209955498527,0.01647224263584692,0.017692880565539006,0.03252396797142865,0.017574094023835574,0.0,0.0,0.0,0.0,-0.004042651612334098,3,staggered_levels:9:0.380:5,1.655398919767035,0.9946128562155988,0.005387143784401194,1.4518345070157401,0.22113920834731515,23,350,-6.429049417998954,-0.2032578260196427,-6.5424823902169305,0.000273527984528954,1
joint_g04_0444,11915,446.8720844127962,0.9970313170406474,843.6785962430974,15.286410720630458,0.9741459465508254,17.12997501067428,36.42570607743596,1.2657913788775546,1.0088921751535176,1.0,1.0,1.0,1.034365623653364,1.0,1.0,1,1.035,0.9782513726406672,0.021860816436165244,0.014304532937904034,0.035,0.02,0.0,0.0,0.0,0.0,0.0009926128709320207,4,staggered_levels:9:0.380:5,1.6583683751510274,0.9946078142415838,0.005392185758416157,1.4552317962878158,0.22052170473906443,23,350,-6.155848107579845,-0.29686829593525976,-6.32379202266039,0.0007777253860252742,1
joint_g03_0408,11915,447.00508912032893,0.9973280683109761,843.6677841894439,15.281666463051724,0.973955941802961,17.04887096449672,36.15540473609667,1.2658615061842409,1.0089576382117669,1.0,1.0,1.0,1.0339040797976002,1.0,1.0,1,1.035,0.9775917854833251,0.017284573186728283,0.014564096012515246,0.035,0.01799831447595151,0.0,0.0,0.0,0.0,-7.194270135797709e-05,3,staggered_levels:9:0.380:5,1.6593032629663773,0.9946077842865544,0.005392215713445614,1.45583256267467,0.2209669203967842,23,350,-6.133478909517262,-0.267193168902391,-6.285119477747402,0.0007807208889709649,1
joint_g04_0475,11915,447.098244058182,0.9975359094217014,843.6587462539289,15.278318785487597,0.9781148769357934,16.99989429484391,35.92945634822195,1.2653684090766846,1.0089519293908158,0.9995367569027694,1.0,1.0,1.0340275984734544,1.0,0.9995367569027694,1,1.032391441283708,0.9770082398835825,0.01534898153152495,0.013874690475070693,0.035,0.02,0.0,0.0,0.0,0.0,-0.0035294443776748906,4,staggered_levels:9:0.380:5,1.6598682200684374,0.9945877657266609,0.005412234273339145,1.4566971832684072,0.22038052918220816,23,350,-6.077241661895763,-0.246409057829855,-6.229462104972128,0.002782576878324061,1
joint_g04_0465,11915,447.06298963582407,0.9974572520958557,843.6642808049089,15.279623837112423,0.9754824119759473,17.06544160317875,36.06782012272129,1.2658289242825322,1.0087300367849181,1.0,1.0,1.0,1.0266212219496336,1.0,1.0,1,1.0255886819980322,0.9713801584864257,0.025,0.018,0.031423988353417205,0.01733930665743828,0.0,0.0,0.0,0.0,-0.0061413346932828565,4,staggered_levels:9:0.380:5,1.6618780441424186,0.9945956381200352,0.005404361879964847,1.4581772016790358,0.22116041240483866,23,350,-5.982367172626894,-0.2542747904144327,-6.134190332600198,0.0019953375408943153,1
joint_g04_0419,11915,447.78209453609765,0.9990616711920994,843.621568,15.254313561859842,0.9732621651709108,16.62507573807117,34.71125122643298,1.2658963295805308,1.0094050815315183,0.9768942852487662,1.0,1.0,1.027292376495516,1.0,0.9768942852487662,1,1.0214603266824742,0.9723774281727352,-0.0033445310575807422,0.013261104811646664,0.035,0.015568252273816223,0.0,0.0,0.0,0.0,-0.0021233244736890092,4,staggered_levels:9:0.380:5,1.6677414628675917,0.9946329514081608,0.00536704859183923,1.4635175106744875,0.2222061494003058,23,350,-5.720181490703066,-0.0938328807900568,-5.790423863645,-0.0017359912716674586,1
joint_g03_0345,11915,447.75729244392267,0.999006334411197,843.621568,15.2551585260791,0.9730147303212717,16.669006240988153,34.789986670253256,1.2657502847766904,1.0092674379116673,0.9800434036592781,1.0,1.0,1.0226512849307208,1.0,0.9800434036592781,1,1.017815174781013,0.9717647721838493,0.0007846234794369584,0.015125672421864463,0.0346416163780372,0.018529407842065443,0.0,0.0,0.0,0.0,-0.007876025444976207,3,staggered_levels:9:0.380:5,1.6697862989307497,0.9946086631883078,0.005391336811692238,1.4646614628063468,0.2231806379234096,23,352,-5.657976764290069,-0.09936655888029833,-5.716785355956033,0.0006928307136333522,1
joint_g04_0441,11915,448.1386546079646,0.9998572043445557,843.621568,15.242176516586083,0.9866515845552952,16.761671395869058,34.58055148413541,1.2670030578218678,1.0094242845269865,0.9844707450238698,1.0,1.0,1.0062838343737348,0.9968593329894049,0.9844707450238698,1,1.0135307550109178,0.9892621694157797,-0.015229339220762021,0.010085623493034093,-0.029196754729427617,0.015510925483080158,-0.006015110733634975,4.0,-0.8393610829250686,-0.008427659116347434,0.007168570742959205,4,staggered_levels:9:0.380:5,1.6728020755691393,0.9946087837189767,0.005391216281023348,1.465651314366099,0.22588299631450265,23,347,-5.641128186201395,-0.01427956554442833,-5.653066613131297,0.000680777646744346,1
joint_g03_0401,11915,447.45243455097994,0.9983261557267076,843.6382546018772,15.265854105466952,0.9726900032902607,16.869557991886623,35.417165046927494,1.2648409280194164,1.0089529500217864,0.9946219270166585,1.0,1.0,1.0211566789189161,1.0,0.9946219270166585,1,1.0135912759969177,0.965,0.019877962130869724,0.018,0.035,0.017046187102201328,0.0,0.0,0.0,0.0,-0.005004151546457988,3,staggered_levels:9:0.380:5,1.6696721192254373,0.9946141161817933,0.005385883818206705,1.465100803483015,0.22249350535330026,23,350,-5.595557486608953,-0.1673844273292424,-5.688504109830516,0.00014753136508005582,1
joint_g04_0456,11915,447.5213759516992,0.9984799732014511,843.6310342419653,15.26337174147926,0.9731943664946247,16.82377502136799,35.2366560491314,1.2645826330860144,1.0089797037945145,0.991380787400475,1.0,1.0,1.0209911136113334,1.0,0.991380787400475,1,1.0132788215212687,0.965,0.01714523614146417,0.018,0.035,0.017187458500760616,0.0,0.0,0.0,0.0,-0.007521214886204393,4,staggered_levels:9:0.380:5,1.6707952637547616,0.9946168275831485,0.005383172416851489,1.4657026306653138,0.22321390156198329,23,351,-5.566161805453465,-0.15200267985489013,-5.649763279373654,-0.00012360877044148566,1
joint_g04_0436,11915,447.8086224328066,0.9991208584734639,843.621568,15.253409906069704,0.9775069201926743,16.6440618320468,34.735805711774674,1.2661783635392305,1.0093336025358595,0.9788521064625763,1.0,1.0,1.0218865065714826,1.0,0.9788521064625763,1,1.0212254987998626,0.974780265051604,-0.0043013216875210925,0.0149743017569373,0.030957379875912395,0.016338195712347327,0.0,0.0,0.0,0.0,-0.004216894349440659,4,staggered_levels:9:0.380:4,1.6755644424353153,0.9946321261956215,0.005367873804378531,1.4683205167252626,0.22622507877253722,23,350,-5.426004524550724,-0.08791415265361202,-5.481244669734753,-0.0016534700177373018,1
joint_g03_0399,11915,447.2892972098874,0.9979621745255508,843.6542562337676,15.271711594954205,0.9793326288796046,17.013616343945895,35.81720584418849,1.265006164387091,1.008828807463758,1.0,1.0,1.0,1.0201221883645037,1.0,1.0,1,1.0261363514701727,0.98019132930009,0.013176622146471926,0.01658033837697739,0.035,0.02,0.0,0.0,0.0,0.0,-0.003318927606129877,3,staggered_levels:9:0.380:5,1.6735438423980256,0.9946294456304922,0.005370554369507841,1.4689265263596492,0.2226979139357618,23,349,-5.3301542053003965,-0.20378254744491953,-5.442234606395102,-0.0013854135048063654,1
joint_g04_0443,11915,447.5039385636858,0.9984410680593686,843.6322112899754,15.263987788840769,0.9757586707902572,16.859961071752974,35.26608224938627,1.2649916596609474,1.0089586776305588,0.9918381695654673,1.0,1.0,1.0219595508831376,1.0,0.9918381695654673,1,1.0121041865312248,0.9655593181432176,0.01873233664137916,0.016268007818290443,0.03286839732604672,0.01800438201632282,0.0,0.0,0.0,0.0,-0.007632111423419853,4,staggered_levels:9:0.380:4,1.6774010420501444,0.994614909692502,0.005385090307498008,1.4697475333461874,0.22661050206862804,23,351,-5.303234391045255,-0.15589319406313917,-5.3893847295452435,6.818029421040706e-05,1
joint_g03_0367,11915,447.44788118009285,0.9983159965479831,843.6364594994377,15.265976972440301,0.9718734475308715,16.824248333088025,35.37228748594248,1.2647868138921812,1.0090716104903095,0.9918785819363527,1.0,1.0,1.0250915301051746,1.0,0.9918785819363527,1,1.0235417719069062,0.970842006165543,0.010603844553575438,0.017333423526488187,0.035,0.015466840193747788,0.0,0.0,0.0,0.0,-0.002505818284325702,3,staggered_levels:9:0.380:5,1.6745186842548523,0.994645852006886,0.005354147993113956,1.4706982414675958,0.22178854244727855,23,350,-5.235565538993166,-0.16840034520169134,-5.328185728854096,-0.0030260511441948523,1
joint_g04_0446,11915,447.5424545492911,0.9985270023685249,843.6317125848309,15.262665131229166,0.9751459960710804,16.851274552398458,35.253614620771714,1.2649178448029148,1.008942834165241,0.9929099642551494,1.0,1.0,1.0180883132394858,1.0,0.9929099642551494,1,1.012138686386734,0.9672245266963898,0.01675605884597412,0.017800399049927584,0.03228447244222336,0.01854892381135309,0.0,0.0,0.0,0.0,-0.006819057669795087,4,staggered_levels:9:0.380:5,1.6763840719189353,0.994627355688848,0.0053726443111520306,1.4712230826397938,0.2234033054681031,23,348,-5.213385773525393,-0.14729976314751259,-5.294400643256525,-0.001176419340387369,1
joint_g03_0352,11915,447.85257014301857,0.9992189116858303,843.621568,15.251913091084177,0.9781440635062657,16.659328295570962,34.645214721560706,1.2661106021670132,1.0094520056998144,0.9749596943154998,1.0,1.0,1.029503124737835,1.0,0.9749596943154998,1,1.0154265445224868,0.9691583237491515,0.0005712424899403578,0.00892000281968804,0.027583328296739585,0.011299493941246498,0.0,0.0,0.0,0.0,0.0004499528200482394,3,staggered_levels:9:0.380:5,1.6748063210936353,0.9946182984503416,0.005381701549658446,1.4713492575208265,0.2210468703002662,23,350,-5.2130768201058375,-0.07810883141696756,-5.286278511492171,-0.00027069548974578694,1
joint_g02_0322,11915,447.30754505825513,0.9980028879129514,843.6553060040527,15.271107589648272,0.9794810471900528,17.11365181580878,35.84345010131619,1.2653646144253066,1.008780564367095,1.0,1.0,1.0,1.0245191698639822,1.0,1.0,1,1.035,0.9900148595651846,0.006340071876445806,0.010851610639943629,0.035,0.01097113658023485,0.0,0.0,0.0,0.0,-0.0011499096246050061,2,staggered_levels:9:0.380:8,1.6744222882433966,0.9948415306427657,0.0051584693572342966,1.4709134779265478,0.22319936642161137,23,350,-5.204489358768872,-0.1997112087048558,-5.314330523556543,-0.02259391473216077,1
joint_g02_0315,11915,448.04751789670865,0.9996538661669793,843.621568,15.245276906130982,0.9709079721254157,16.78828080737373,34.99671602700778,1.2666263277760963,1.009546184962463,0.9868993678649153,1.0,1.0,1.0064003628972957,0.9994342395742505,0.9868993678649153,1,1.0109248277678318,0.9890473041820842,-0.008191313276478996,0.009087003214083967,-0.02596850734333831,0.018505026691213424,-0.007424728692917203,4.0,-0.11268726270640228,-0.006008547765192943,0.012,2,staggered_levels:9:0.380:2,1.675256394866088,0.9948558371883571,0.005144162811642872,1.4724906770233996,0.2223421042149174,23,346,-5.1937656734460855,-0.03461338330207342,-5.212803034262226,-0.024024569291303255,1
joint_g03_0405,11915,447.66601605554445,0.9988026845953015,843.6236775371772,15.258307114888302,0.977481387391222,16.897817925658902,35.05273842942779,1.2653839268495972,1.0089858763105304,0.9884555144569792,1.0,1.0,1.022857931573462,1.0,0.9884555144569792,1,1.0160901410016165,0.9755356144984199,0.008687353343050987,0.009858025592201485,0.035,0.012778064052038858,0.0,0.0,0.0,0.0,-0.006372094246564031,3,staggered_levels:9:0.380:5,1.6775581170150566,0.9945969416211298,0.005403058378870229,1.4719073996385563,0.223772411632545,23,350,-5.173307504968832,-0.11973154046984735,-5.250349776815844,0.0018649874314324855,1
joint_g04_0435,11915,447.69799131882564,0.9988740256791911,843.621568,15.257179191978146,0.976780823571736,16.833865875142823,34.89399175917765,1.2655735287300551,1.0092015020120741,0.9815277839489567,1.0,1.0,1.0327125508613402,1.0,0.9815277839489567,1,1.0200878898180425,0.9742144195585706,0.004606544072581317,0.005837110021318608,0.035,0.007554787938304194,0.0,0.0,0.0,0.0,-0.0021828501461201083,4,staggered_levels:9:0.380:0,1.672573639091798,0.9949328057369622,0.005067194263037811,1.4722582937020663,0.21979331406462266,23,350,-5.165833430056123,-0.11259743208088535,-5.22776201770061,-0.03172142415180934,1
joint_g02_0327,11915,447.62788046744436,0.9987175990037961,843.6284858927007,15.2596940183488,0.9763750751748723,16.927634175972564,35.172947317518265,1.2647527361188289,1.0089657567646846,0.9907636672404116,1.0,1.0,1.0225649152401155,1.0,0.9907636672404116,1,1.0160404848308522,0.9759625507930996,0.010150306355970386,0.00985752016234532,0.035,0.01332547934552568,0.0,0.0,0.0,0.0,-0.004322154762807155,2,staggered_levels:9:0.380:0,1.6762690940314244,0.9949398027649742,0.005060197235025821,1.474274193448635,0.22209802658347857,23,350,-5.027462427316267,-0.1282400996203914,-5.097994482107482,-0.03242112695300836,1
joint_g03_0391,11915,447.7835990473468,0.9990650279576808,843.621568,15.254262308784917,0.9775844295744908,16.771354712070693,34.860718133171304,1.2659219166033853,1.0091784298147066,0.9831921378833302,1.0,1.0,1.0210677638287657,1.0,0.9831921378833302,1,1.0190339736397271,0.9783141012342499,-0.0008086649447064742,0.011559326262135284,0.03187632736314752,0.0158562422362919,0.0,0.0,0.0,0.0,-0.004475798653282201,3,staggered_levels:9:0.380:8,1.678420959800306,0.9948577539224456,0.005142246077554424,1.4748170604960735,0.2234775690151355,23,350,-5.01162557220956,-0.09349720423191821,-5.063049034537115,-0.024216242700147994,1
joint_g04_0469,11915,447.3289431487068,0.9980506299112757,843.6552402669009,15.27037590258664,0.9795346035235171,17.084491930471007,35.84180667252281,1.2651758611225614,1.008690499060512,1.0,1.0,1.0,1.0160612333420003,1.0,1.0,1,1.0236001777213555,0.9826934538027601,0.014389317108137449,0.015868087420188737,0.034093131149765386,0.018541110458717307,0.0,0.0,0.0,0.0,-0.004641808500211895,4,staggered_levels:9:0.380:8,1.6788842645854336,0.9948095526589289,0.005190447341071103,1.4757424193690445,0.22241161843852203,23,348,-4.8962664612531555,-0.19493700887243115,-5.003481816132993,-0.019396116348480152,1
joint_g03_0365,11915,448.07397813744916,0.9997129024988402,843.621568,15.244376622435041,0.9849354917352224,16.821175152757004,34.64846588044111,1.2661076056025569,1.009334498229443,0.9875753382157165,1.0,1.0,1.0083984971215356,1.0,0.9875753382157165,1,1.0115338398949845,0.9901399555331173,-0.01155463569335209,0.007603613940430427,-0.027277876819976375,0.02,-0.008862239916247143,4.0,-0.6849789872995666,-0.008061186136277751,0.00589491845462651,3,staggered_levels:9:0.380:5,1.6857387170524636,0.9946248786652025,0.00537512133479745,1.4772419448969631,0.22782789708255768,23,346,-4.891163968684001,-0.028709750115984978,-4.906954331247793,-0.0009287169758454006,1
joint_g01_0263,11915,447.56110466126637,0.9985686132597714,843.6314216037891,15.262023863663998,0.9741357274704395,16.9133695688411,35.24634009472675,1.264750269271563,1.008951719630234,0.9916913665093288,1.0,1.0,1.0229179048987673,1.0,0.9916913665093288,1,1.0173998302358565,0.9746906777965759,0.011346394109155347,0.012014111978820973,0.03468420772035571,0.01547957495088523,0.0,0.0,0.0,0.0,-0.005624012005822685,1,staggered_levels:9:0.380:0,1.679230351670078,0.994924365224405,0.005075634775595028,1.4776388909284228,0.22141602308331965,23,350,-4.802675843291446,-0.14313867402285796,-4.881402114004018,-0.030877372896087607,1
joint_g02_0288,11915,447.4189464303217,0.9982514392559104,843.6480403704052,15.267173803415847,0.9763326170843287,17.097092158347955,35.661809260129985,1.2650056300629746,1.0086331077248325,1.0,1.0,1.0,1.0170812952951633,1.0,1.0,1,1.018803669030441,0.9798384305569885,0.016756156958901675,0.013064365188310563,0.035,0.014109579127416505,0.0,0.0,0.0,0.0,-0.007443311629528701,2,staggered_levels:9:0.380:8,1.6815968036269782,0.9948633162950303,0.005136683704969669,1.4774609618877521,0.22423874107258435,23,351,-4.796684924560311,-0.17485607440895778,-4.892855765485238,-0.024772479958623528,1
joint_g03_0409,11915,447.4558507803238,0.9983337777907406,843.6382636091945,15.265737716937222,0.977272585791043,16.902949473258165,35.41739022986212,1.2649994108529377,1.0089408553123544,0.9959042649265076,1.0,1.0,1.0199473320773964,1.0,0.9959042649265076,1,1.010686848447024,0.965,0.02207985056970925,0.016954621804709493,0.02898507728484577,0.018367734094371375,0.0,0.0,0.0,0.0,-0.004602490978024685,3,staggered_levels:9:0.380:5,1.6848933715784036,0.9946311526083951,0.005368847391604925,1.4801809546083118,0.2228406469718098,23,348,-4.626122122500734,-0.16662222092593826,-4.71776434401,-0.0015561112950979172,1
joint_g04_0424,11915,447.6584032155387,0.9987856993322654,843.621568,15.258528441274889,0.9768256859117227,16.815067340083143,34.82310336210617,1.2648112545479977,1.0091367741447856,0.9885006194302765,1.0,1.0,1.0226508691628584,1.0,0.9885006194302765,1,1.0174720586259358,0.9750123636925916,0.0055423940596493046,0.011884452380781469,0.032541394734524276,0.018743266187912135,0.008409613313577053,4.0,-0.3031265897756265,0.0021343425434503472,-0.00501238244469653,4,staggered_levels:9:0.380:5,1.6863954477494187,0.994651976097277,0.0053480239027230425,1.4815178354146108,0.22325526002099547,23,350,-4.564920091413326,-0.12143006677346468,-4.631706628138732,-0.003638460183286174,1
joint_g03_0380,11915,448.02872229312555,0.9996119306645197,843.6258079827835,15.245993097580357,0.9801091957271927,16.86295722052405,35.10599956958549,1.2660467233022357,1.0093000910097543,0.9914216947692132,1.0,1.0,1.002395698605099,1.0,0.9914216947692132,1,1.01314343761182,0.9936526686663787,-0.009133714891835754,0.011107994405519881,-0.025228918632144066,0.02,-0.008093412536967527,4.0,-0.24799417144391017,-0.0027653425817474662,0.006259361525641854,3,staggered_levels:9:0.380:2,1.6858343461641665,0.9948553837386024,0.0051446162613976165,1.4828305269333297,0.22265534053473796,23,347,-4.525862212081396,-0.03880693354803011,-4.547206025532812,-0.023979224315828773,1
joint_g02_0299,11915,447.43800466706296,0.9982939607280304,843.6508921334637,15.266575116346749,0.9742206297104768,17.046358159388387,35.73310333659083,1.2660240256653392,1.0091179442635114,0.9991997138565037,1.0,1.0,1.0256634497251413,1.0,0.9991997138565037,1,1.0197511839662368,0.9818794463133739,0.011837853274787485,0.006780140823146418,0.035,0.017999685105392228,0.0,0.0,0.0,0.0,0.010166732445718536,2,staggered_levels:9:0.380:8,1.6869335066350417,0.9948080999387612,0.005191900061238819,1.4827807180375745,0.22374598422506048,23,348,-4.456580164728888,-0.17060392719695505,-4.550412324687214,-0.01925084433170854,1
joint_g01_0226,11915,447.4549550768544,0.9983317793566453,843.646769351254,15.265922188238894,0.9760356714651242,16.999197204795855,35.63003378134749,1.2655033323178648,1.0090052118273631,0.9989475958133863,1.0,1.0,1.021355477966085,1.0,0.9989475958133863,1,1.0201622051672965,0.9805488738249192,0.011189966924203836,0.011535282425080137,0.032575400528922854,0.01911097313011305,0.0,0.0,0.0,0.0,0.004185899243117497,1,staggered_levels:9:0.380:0,1.6861263053924305,0.9948826663575474,0.005117333642452593,1.4848218909505408,0.2206441052596287,23,348,-4.327265768977013,-0.1668220643354701,-4.419017904361522,-0.026707486210331144,1
joint_g04_0474,11915,447.86953520112246,0.999256762996787,843.6349154060085,15.251576656644302,0.9715343489395538,16.943467134505646,35.33368515021198,1.2663341153350074,1.0093679761486467,0.9978032680277966,1.0,1.0,1.0043119396218254,1.0,0.9978032680277966,1,1.0115489551887153,0.9911109282050551,-0.0008630495454471565,0.009785746777762465,-0.028730867284194467,0.01899227081975217,-0.0062347379163919395,4.0,-0.1618510521418529,-0.006664247243924746,0.012,4,staggered_levels:9:0.380:0,1.6864326707477704,0.994883481706158,0.005116518293841965,1.4858247254607795,0.21972308964012943,23,345,-4.313585387632381,-0.07432370032129931,-4.354463422809096,-0.026789021071393915,1
joint_g02_0333,11915,448.20939489952616,1.0000150353850785,843.621568,15.239770864176549,0.9711424453756102,16.625108197957733,34.57121227539574,1.2671760742158316,1.0097747807827229,0.9727612859085426,1.0,1.0,1.0138214396669365,0.9923807188003086,0.9727612859085426,1,1.0094165212928008,0.9861410760647382,-0.01475516888612357,0.005837529696620979,-0.021152932689802825,0.019164705795324397,-0.0085281661963969,4.0,-0.05828154545152142,-0.006764802285204942,0.0060717829869053625,2,staggered_levels:9:0.380:2,1.6914471292404034,0.9948551086626772,0.005144891337322766,1.4864210185733555,0.22534916174105107,23,348,-4.273473493220861,0.0015035385078521202,-4.3160788315902865,-0.023951716723313865,1
joint_g04_0455,11915,448.01804043801,0.99958809801879,843.6248948845089,15.246340097767954,0.9733124798796764,16.875694961722004,35.083172112720604,1.2662281937248354,1.009398618800135,0.9929198477404083,1.0,1.0,1.0031660375164821,1.0,0.9929198477404083,1,1.012073244944536,0.9945266531260214,-0.008562341515551462,0.008954608616534,-0.026592182297515587,0.02,-0.005033589972016069,4.0,-0.18560007388815994,-0.005586067719264787,0.012,4,staggered_levels:9:0.380:2,1.6900677061672038,0.9948661269771926,0.005133873022807434,1.4873865470177008,0.2223253973198013,23,345,-4.231271207831694,-0.041190198120999444,-4.253925816798243,-0.025053548174847062,1
joint_g03_0404,11915,447.4253002224116,0.9982656154148528,843.6416815187243,15.266841925451853,0.9783838297130201,17.008430751651616,35.50283796810663,1.2645226303841277,1.0088622048616411,0.9963965654129929,1.0,1.0,1.024354608978256,1.0,0.9963965654129929,1,1.0217270514003591,0.9782262354549417,0.01320694551580759,0.011304474979981901,0.032280426284078366,0.015192039588266884,0.0,0.0,0.0,0.0,-0.005511934182583712,3,staggered_levels:9:0.380:0,1.687677675691348,0.9949168008413929,0.00508319915860711,1.4876207739670888,0.21929934348534597,23,350,-4.143457003117684,-0.17343845851471862,-4.238848155300778,-0.03012093459487941,1
joint_g04_0421,11915,447.81351921586923,0.9991317838506277,843.621568,15.25324311200014,0.9757704467889561,16.726362143883172,34.76212589356919,1.266048928794096,1.0092773467140794,0.9794485279384144,1.0,1.0,1.0249922370612798,1.0,0.9794485279384144,1,1.0204873992444212,0.9779469134921368,-0.003497042178027266,0.010049766868467822,0.035,0.014894921246034868,0.0,0.0,0.0,0.0,-0.004357897362711405,4,staggered_levels:9:0.380:0,1.6899005299714749,0.9949345726797908,0.005065427320209204,1.4883792098767714,0.22141777180431854,23,350,-4.138965384377042,-0.08682161493722695,-4.19002610496203,-0.03189811843467005,1
joint_g03_0366,11915,447.0846570758806,0.9975055950491303,843.6763069460317,15.279101123013161,0.9771889466711547,17.194902816289506,36.36847365079052,1.2656252721799555,1.0086301455295457,1.0,1.0,1.0,1.0212743359265575,1.0,1.0,1,1.029544356755128,0.9858585573857545,0.01692871024720452,0.012041995516504218,0.035,0.019714175259729474,-0.01036341622584091,4.0,-0.553952662079553,-0.0016191437881119784,0.0063373810735810185,3,staggered_levels:9:0.380:0,1.68986650596762,0.9949099553911682,0.0050900446088317786,1.4870590180579948,0.22290290086373682,23,348,-4.137817244723488,-0.2494404950869722,-4.2750095170213225,-0.02943638957241257,1
joint_g04_0450,11915,447.9198267289931,0.9993689701138074,843.621568,15.24962296784588,0.9757471774308003,16.615728010818042,34.522836558460995,1.2666029204101679,1.0095258445254758,0.9712198310117324,1.0,1.0,1.0295044061071175,1.0,0.9712198310117324,1,1.0142912793151253,0.9709937811074952,-0.0031805450620067985,0.007621222361640608,0.03242229504044561,0.015295037649134813,0.0,0.0,0.0,0.0,-0.0019714127286059747,4,staggered_levels:9:0.380:0,1.6878013774656848,0.9949107435619807,0.005089256438019274,1.4880305886984233,0.2188613249348357,23,350,-4.125079896201593,-0.0631029886192569,-4.21246755387179,-0.02951520665366303,1
joint_g03_0376,11915,448.3500440239345,1.0003288423706587,843.621568,15.234990089741927,0.9786918449346624,16.584702481565046,34.43861013884157,1.266964975881406,1.0096687662699004,0.9721578034535883,1.0,1.0,1.0114171053235022,0.9894130384104817,0.9721578034535883,1,1.0068804525471087,0.9836944245896262,-0.01741613031116465,0.007265125054755118,-0.017622405174432573,0.01420402112654885,-0.008138021409287053,4.0,-0.35351757406547946,-0.004825844693545129,0.006042061048647399,3,staggered_levels:9:0.380:2,1.6946373325015287,0.9948234503959545,0.005176549604045455,1.4892969842432506,0.22547266803994664,23,348,-4.101980267657155,0.03288423706586663,-4.130947116549399,-0.02078589005104492,1
joint_g03_0378,11915,447.24001451214065,0.9978522182433044,843.6570793297047,15.273445538866872,0.9802376934186108,17.15054847438847,35.887783242617616,1.2649794325180885,1.008569733157697,1.0,1.0,1.0,1.0229818162223439,1.0,1.0,1,1.0250965711805444,0.9800239618578797,0.019219614351073992,0.012666380526818646,0.03442832933912922,0.012050916339077435,0.0,0.0,0.0,0.0,-0.008318001233645882,3,staggered_levels:9:0.380:0,1.691264013214436,0.9949489065920987,0.00505109340790133,1.4891930988000284,0.2222843474121313,23,352,-4.019506435594486,-0.21477817566956103,-4.137634432212744,-0.03333150966545739,1
joint_g03_0356,11915,447.8365142921909,0.9991830889377659,843.621568,15.252459903221224,0.9787588123087934,16.757889147564672,34.752392584392055,1.2660276327822162,1.0092973715040818,0.9790992415630835,1.0,1.0,1.0265826850944406,1.0,0.9790992415630835,1,1.012951418328807,0.9713057301891451,0.00400472364853682,0.007488649629551882,0.03204111484272137,0.010876898666692707,0.0,0.0,0.0,0.0,-0.0012290194601163739,3,staggered_levels:9:0.380:0,1.6929444737280734,0.9949411365766515,0.005058863423348492,1.4911409998345284,0.2218552399068074,23,350,-3.9619094519201807,-0.0816911062234138,-4.0122441109645575,-0.03255450812074123,1
joint_g03_0396,11915,447.4362171463741,0.9982899725305824,843.6440545929516,15.266512375195715,0.9759004973841423,16.95526120256942,35.56216482379068,1.2651961429217684,1.0092324650662745,0.9932574193252766,1.0,1.0,1.031740564076658,1.0,0.9932574193252766,1,1.0225894891289642,0.9800739349588665,0.008705853533191966,0.006474315503978503,0.034367767680289485,0.02,0.0,0.0,0.0,0.0,0.00819906947099347,3,staggered_levels:9:0.380:0,1.690301308596851,0.9949151186049279,0.005084881395072127,1.4917289861243717,0.21730420360929928,23,350,-3.8803427358736347,-0.17100274694176187,-3.974394246691604,-0.029952710948377703,1
joint_g02_0282,11915,447.52083218190836,0.9984787599784066,843.6468577704278,15.263676574676584,0.975215891735085,16.931225616248387,35.632244260694506,1.2655997830871892,1.009007891920018,1.0,1.0,1.0,1.013329685380032,1.0,1.0,1,1.0217294450305352,0.98004749239408,0.007818220677596606,0.018,0.03244501285975424,0.01656939468671933,0.0,0.0,0.0,0.0,0.008070005925767346,2,staggered_levels:9:0.380:0,1.6972809961854685,0.9948822553487188,0.005117744651281231,1.4942384445359833,0.222957785454022,23,348,-3.729187142439673,-0.1521240021593373,-3.8128553436273083,-0.026666385327467346,1
joint_g03_0354,11915,447.5295045835127,0.9984981092649141,843.6355968731984,15.263177055408942,0.9780391995784262,17.031058659894324,35.350721829961685,1.2660571449237614,1.0088502467788782,1.0,1.0,1.0,1.0181513222020497,1.0,1.0,1,1.0287585424631474,0.9873491279446367,0.0033328427392615746,0.012423834404835847,0.035,0.00933820907490277,0.00534721179757337,6.0,0.12223568483225011,-0.002788210218721175,0.0019974594201755836,3,staggered_levels:9:0.380:0,1.6967178145154997,0.9949299357044459,0.005070064295554122,1.4951386125561286,0.22145166918732317,23,348,-3.6723057208352516,-0.15018907350858868,-3.7549097112649754,-0.03143442090017823,1
joint_g03_0398,11915,447.56127470886895,0.9985689926586891,843.6386763914753,15.262149310320124,0.9754158312606018,16.94997996435383,35.42770978688168,1.2653119931511878,1.0092029285958457,0.9926720964350714,1.0,1.0,1.0272234729663436,1.0,0.9926720964350714,1,1.015086357393477,0.9781180261735231,0.010359492312494719,0.006040498611815221,0.033016743404546633,0.02,0.0,0.0,0.0,0.0,0.00933416653355004,3,staggered_levels:9:0.380:0,1.6970547009078343,0.9948942444083702,0.005105755591629846,1.4958496265510413,0.2206197136205123,23,348,-3.630434901524602,-0.14310073413108526,-3.7091403052966987,-0.027865291292605843,1
joint_g01_0256,11915,447.8029991188251,0.9991083121087643,843.6354757482055,15.253852919024427,0.9858888501041181,17.083442754014612,35.347693705137544,1.2657031995290218,1.008777518117799,1.0,1.0,1.0,1.000950818592395,1.0,1.0,1,1.0115061262620806,0.9897970918453147,0.004337120493259298,0.013988955089565875,-0.0314025418029988,0.013919117845130956,-0.009074581989540486,4.0,-0.6202678923737551,-0.006418192082176323,0.0012758561457333045,1,staggered_levels:9:0.380:5,1.7086583758765208,0.9946254401679201,0.005374559832079906,1.4979893750279412,0.2307294426986936,23,348,-3.5223575429370158,-0.08916878912357262,-3.5714003769549807,-0.00098486724759983,1
joint_g03_0407,11915,447.9759887225582,0.9994942750240156,843.621568,15.24771114835432,0.9711916026846663,16.51163466673893,34.39593083390173,1.2663907596413266,1.009664520825588,0.9674561831730554,1.0,1.0,1.0302416595563426,1.0,0.9674561831730554,1,1.0163475266059598,0.9700427757344272,-0.008312041248645046,0.009081733671466752,0.035,0.015164293235159889,0.0,0.0,0.0,0.0,0.0011735809320463616,3,staggered_levels:9:0.380:0,1.6971491438447508,0.9949093285546938,0.005090671445306172,1.4973963592343242,0.21882411265771085,23,350,-3.506496225896618,-0.05057249759844451,-3.60957400053743,-0.029373705924973237,1
joint_g01_0268,11915,448.09541301910036,0.9997607265832453,843.6295888253686,15.243792330260819,0.9802307006827813,16.913399716876963,35.20052063421599,1.2652385578468217,1.0082084831525657,0.9972913986173597,1.0,1.0,1.0052305647603066,0.9983135287902342,0.9972913986173597,1,1.0160895733479156,0.9974915965199084,-0.012084544865487521,0.012808136427581945,0.035,0.006842560989052668,0.023456728558695798,4.0,0.2789244241779065,-0.010001589168036992,-0.010754728237879839,1,staggered_levels:9:0.380:2,1.7096141669625604,0.9947265565699785,0.005273443430021452,1.4992201557003138,0.2313065430027955,23,346,-3.479012502936323,-0.023927341675467062,-3.4921725408578297,-0.011096507453445259,1
joint_g02_0303,11915,448.6109945825794,1.0009110579268397,843.621568,15.226128115285492,0.9703172690888571,16.498349550862915,34.36951638583878,1.2673721958564577,1.0098028141732087,0.965352331678326,1.0,1.0,1.0115016772371959,0.965352331678326,0.9703801158967155,1,1.0001912935895876,0.9867021159854807,-0.024398363543357015,0.014805469394460806,-0.034850757612345545,0.008998025511979169,-0.011894987397404765,4.0,-0.041970029841736756,-0.005050156872697121,0.009674875202033315,2,staggered_levels:9:0.380:3,1.7079885970687099,0.9947147980832561,0.005285201916743865,1.4995900191632734,0.22853621931763932,23,346,-3.430585859258187,0.09110579268396535,-3.46836368321205,-0.009920658781203961,1
joint_g01_0204,11915,448.479428521387,1.000617516468682,843.621568,15.230594856848075,0.974004208237423,16.58730420320493,34.40690064738419,1.2663673026526445,1.0095900544266436,0.9771044534650302,1.0,1.0,1.0094754613200976,0.9771044534650302,0.9802259391550955,1,1.003619859500796,0.9876368710473096,-0.02058786794909473,0.015174355501016812,-0.035,0.010786819781207232,-0.0041195326627920725,4.0,-0.29621135841684587,-0.005493660908338487,0.009164186760381747,1,staggered_levels:9:0.380:0,1.705180275554281,0.9948630176608013,0.005136982339198681,1.5020042183683688,0.22295624108202877,23,343,-3.329546934110752,0.061751646868191123,-3.312956807543066,-0.024742616535722295,1
joint_g04_0437,11915,447.6247548585999,0.9987106253529204,843.621568,15.259675438633236,0.9743705394831094,16.825695778129692,34.965478813272966,1.265254673499804,1.0091336810967257,0.9834945880108378,1.0,1.0,1.0306000296683993,1.0,0.9834945880108378,1,1.0211477205448556,0.9738880111870216,0.005844957091222961,0.009068662535289313,0.035,0.012113768764234138,0.0,0.0,0.0,0.0,-0.006326999135504049,4,staggered_levels:9:0.380:0,1.7004869769974074,0.9949408509436826,0.005059149056317436,1.500776879189799,0.21906140588451514,23,351,-3.321047502148429,-0.12893746470795664,-3.3919631077378054,-0.03252594482384685,1
joint_g02_0331,11915,447.93509899779957,0.9994030445857054,843.634825672675,15.24934267716115,0.9842093720669761,17.009252080066847,35.33144181687453,1.265885964925703,1.0087547965822357,1.0,1.0,1.0,1.0019293215088914,1.0,1.0,1,1.0082107801838653,0.9850483082745171,0.0048002705812342705,0.014909273036150245,-0.025851905890100217,0.006478855347118566,-0.01320071294332236,4.0,-0.45394265817355384,-0.005223452621632098,0.0009007687938079336,2,staggered_levels:9:0.380:2,1.7102734827711312,0.994828781106202,0.005171218893798013,1.5020703524087435,0.2293394641410687,23,347,-3.275867078092527,-0.059695541429460874,-3.3086996258787305,-0.021318961075789122,1
joint_g03_0412,11915,447.4853525250634,0.9983996001243317,843.6342572444639,15.264658788873707,0.9763570098854394,16.936572976666763,35.317231111598176,1.2647368016993967,1.008843234728879,0.9932863527080139,1.0,1.0,1.0229186727885424,1.0,0.9932863527080139,1,1.0171132113331216,0.9718003474328926,0.015767009713627156,0.013735337878539863,0.0338324392322087,0.014773851699433975,0.0,0.0,0.0,0.0,-0.009899971511687622,3,staggered_levels:9:0.380:0,1.7026580211349318,0.9949526020349082,0.005047397965091793,1.5013571620601533,0.22129209775884787,23,354,-3.266587134964229,-0.16003998756682902,-3.354609128125985,-0.0337010539464111,1
joint_g02_0297,11915,448.12927802559966,0.9998362839367013,843.621568,15.242495441348506,0.9771540561018276,16.923930226909494,34.547928629346416,1.2657517283445525,1.0082391682895193,1.0,1.0,1.0,1.0032707003890133,1.0,1.0,1,1.0133455031842193,0.9964014816089359,-0.010809090675973106,0.005697546486156866,0.035,0.00705869409781149,0.026,4.0,0.027921487865012917,-0.009278336301104358,-0.01192202622163118,2,staggered_levels:9:0.380:0,1.7121538036299953,0.994922717976157,0.005077282023843055,1.5027917303095775,0.23176146553802165,23,347,-3.253258690886294,-0.016371606329868005,-3.2622630743677217,-0.03071264807128493,1
joint_g02_0295,11915,448.25996127194384,1.0001278557169992,843.621568,15.23805172797065,0.9719030691152474,16.734586958880442,34.83557057045914,1.267088375925328,1.0093851878453257,0.9873986052803463,1.0,1.0,1.008914305614845,0.9873986052803463,0.9900023400451344,1,1.0099778202586784,0.9921609836479843,-0.015353800874434591,0.015525769503402722,-0.035,0.01040829838693529,-0.004596711368391677,4.0,-0.1760478374013737,-0.007356875265367943,0.010305039020563697,2,staggered_levels:9:0.380:6,1.7109609682408915,0.9946575912037569,0.005342408796243148,1.503187424906581,0.22716890901414474,23,344,-3.243823478920743,0.01278557169992478,-3.2367914144857846,-0.004199970831275657,1
joint_g02_0316,11915,448.18027048647355,0.9999500549288881,843.621568,15.240761200901979,0.982313747277663,16.97788601097054,34.643547638642985,1.2653548197425004,1.0086033637355074,0.9955521116602566,1.0,1.0,1.015017403910047,0.9955521116602566,1.0,1,1.010235254694978,0.998219703319288,-0.009156925344515215,0.01404553511407429,0.03371592860245051,0.0005512551289837365,0.014247013233113101,4.0,-0.21080163156880505,-0.011108962892955817,-0.00877601902708309,2,staggered_levels:9:0.380:8,1.7131095685047049,0.9947973508600376,0.005202649139962379,1.5040998487553345,0.23012156769284497,23,347,-3.175309870787531,-0.004994507111188984,-3.178056849698685,-0.01817593645935256,1
joint_g02_0279,11915,448.277357757253,1.0001666695996845,843.621568,15.237460378578495,0.9737425510113316,16.67517795712994,34.57526468776996,1.2669847490362327,1.0095156394253983,0.9846462747711755,1.0,1.0,1.004794743245588,0.986082964878117,0.9846462747711755,1,0.9958574680175475,0.9781967305108383,-0.005136055035377087,0.01453570655542737,-0.035,0.02,0.0,0.0,0.0,0.0,0.008534645689024793,2,staggered_levels:9:0.380:5,1.7098448395763854,0.9945594729167333,0.0054405270832667,1.5045444788886608,0.22295556147314363,23,344,-3.124930791327988,0.016666959968447692,-3.149435110571819,0.00561185787107954,1
joint_g02_0340,11915,448.28842529133885,1.000191362746719,843.621568,15.237084189717468,0.98430138731229,16.880731160635676,34.8701691414542,1.2665972358149935,1.0092228757085868,0.9889597871273043,1.0,1.0,1.0114783443422442,0.9889597871273043,0.9940875928573741,1,0.9980923961316511,0.9891546003174553,-0.006228458081137898,0.011815941350058874,-0.03070179251932643,0.011538149865925348,0.0,0.0,0.0,0.0,0.011854445169151762,2,staggered_levels:9:0.380:3,1.7147218862186566,0.9947365139507017,0.005263486049298272,1.5066432012966684,0.22831237676920046,23,343,-3.0248610641615614,0.019136274671893716,-3.01433611309202,-0.012092245525763268,1
joint_g01_0233,11915,448.212355387567,1.0000216406293831,843.621568,15.239670203945195,0.9786960033515772,16.79872843216092,34.775560464671116,1.2669990152567412,1.0093652250307812,0.9902301672254908,1.0,1.0,1.005298391493396,0.9911781817329732,0.9902301672254908,1,0.9982690346749012,0.9844579398267508,-0.0043863191220018215,0.012328397271115654,-0.031394089892639296,0.02,0.0,0.0,0.0,0.0,0.010646542157064627,1,staggered_levels:9:0.380:5,1.7130481688131896,0.994560612346264,0.005439387653735972,1.5061458336818445,0.22510216207359085,23,343,-3.0145554154566168,0.002164062938314615,-3.0463526703485844,0.005497914918006774,1
joint_g01_0267,11915,448.299263404827,1.000215544025752,843.6219519253222,15.236722751039167,0.9940313535069911,16.956576363869697,35.00959813305417,1.2665257375972176,1.008810283935863,0.9874116266374189,1.0,1.0,1.0208359671224139,0.9874116266374189,1.0,1,1.0067880549610557,0.9920149767007967,-0.0074908578931050795,0.018,-0.002980439270998202,-0.005662869917022005,0.0,0.0,0.0,0.0,0.012,1,staggered_levels:9:0.380:1,1.7134194891271832,0.9948937284665573,0.0051062715334426745,1.5075067552353416,0.22689177754365727,23,343,-2.9706023244725257,0.02155440257520791,-2.958747403056161,-0.027813697111322977,1
joint_g03_0385,11915,447.3574362802623,0.9981142018941144,843.6473556399941,15.269260595703955,0.9782772618419655,17.093363437108504,35.64469099985217,1.264509772904088,1.0085987417291358,1.0,1.0,1.0,1.0170881625197006,1.0,1.0,1,1.0172882636317468,0.9784410778730406,0.019365266194706392,0.013806140514325433,0.02892614059325657,0.019788046389036047,0.0,0.0,0.0,0.0,-0.011952602929582707,3,staggered_levels:9:0.380:0,1.708808334809689,0.9949311610648683,0.005068838935131659,1.5060666424510996,0.22301309308355716,23,358,-2.947731473888085,-0.18857981058856277,-3.0514503697117945,-0.03155695694242455,1
joint_g02_0324,11915,448.2325447225349,1.0000666857327478,843.621568,15.238983777200486,0.9755374750878817,16.817829301830546,34.89885425772627,1.2661379966629684,1.0093340155620736,0.9897108177283334,1.0,1.0,1.009314297136124,0.9897108177283334,0.9927140625585018,1,0.9993934000617473,0.9919366761816377,-0.0079971035214626,0.01077769193059393,-0.02815375319075708,0.02,-0.00545672943320682,4.0,-0.2815281350963235,-0.010653644668647856,0.00963968250339421,2,staggered_levels:9:0.380:3,1.718302736234674,0.9947341833238441,0.005265816676155888,1.5107116010748487,0.22764055790231216,23,342,-2.7561127229843874,0.006668573274781764,-2.7524450076832574,-0.011859182840001647,1
joint_g02_0323,11915,448.4356143859734,1.0005197612795347,843.621568,15.232082953074332,0.999790151257182,16.913450890443617,34.83885419561352,1.2661894341176743,1.0088287968185603,0.9800514547774755,1.0,1.0,1.0252959347167734,0.9800514547774755,0.998590763554938,1,1.0062448661552092,0.9940921256359666,-0.012972552547017662,0.018,0.0004684057554333711,-0.011007041231625606,0.0,0.0,0.0,0.0,0.009547371358243902,2,staggered_levels:9:0.380:6,1.7183862478399008,0.9946435245609488,0.005356475439051156,1.511584702535485,0.22574162297474376,23,343,-2.724828574762266,0.051976127953468065,-2.6962417043878584,-0.002793306550474828,1
joint_g04_0454,11915,447.6774920521152,0.9988282890767056,843.621568,15.257877822110459,0.9762603978930007,16.806433486254438,34.98054047505798,1.2652041314011009,1.0090658949572815,0.9862759544442092,1.0,1.0,1.0213729202925788,1.0,0.9862759544442092,1,1.0177128868642287,0.9759112060636934,0.004589369625220714,0.013093005753915721,0.035,0.018865308149393505,0.0,0.0,0.0,0.0,-0.008357109007809654,4,staggered_levels:9:0.380:0,1.7115218803911927,0.9949491129798959,0.0050508870201041445,1.5104760425596446,0.2209195049210923,23,352,-2.7031642839787544,-0.11717109232943779,-2.7676083847599453,-0.03335214844517598,1
joint_g03_0379,11915,448.39858050562935,1.0004371337452078,843.621568,15.233340992599878,0.9783969975016353,16.660531669523724,34.145851541663205,1.2668369860231607,1.0094847302101513,0.9817095456573309,1.0,1.0,1.0036055217296092,0.9914175998160784,0.9817095456573309,1,1.006967562764768,0.9917094257871257,-0.020717379085361434,0.004788735623099467,-0.018623117367956583,0.014622634790724839,0.011078062929060382,4.0,-0.11689874493867179,-0.0053068321811957945,0.011284632280697274,3,staggered_levels:9:0.380:3,1.7186912771527294,0.994731082701002,0.005268917298998033,1.5128287576844903,0.2253067978336707,23,345,-2.640201719422973,0.043713374520781834,-2.616159363436543,-0.011549120555787162,1
joint_g01_0243,11915,448.1969879590626,0.9999873538434868,843.621568,15.240192729862553,0.9831205680985339,16.828754921589816,34.752618278139835,1.2666698479077811,1.0092513950915554,0.9897338914008025,1.0,1.0,1.0049300249134325,0.9910445744131577,0.9897338914008025,1,1.0111486002739667,0.9963361087059841,-0.01573507112068699,0.011040361851698838,-0.03432622150835209,0.013936172360084978,-0.006481789854522035,4.0,-1.0507263990188118,-0.009409563196475542,0.004439213570679825,1,staggered_levels:9:0.380:6,1.7231631349432721,0.9946711944257703,0.005328805574229656,1.5148776181373076,0.22797850371514242,23,344,-2.483574542045846,-0.0012646156513196338,-2.484270080654072,-0.005560293032624841,1
joint_g00_0035,11915,448.19025742808583,0.99997233712976,843.6282284562379,15.240541918088876,0.9927256206967179,17.09949029960552,35.16651140594672,1.266073015246074,1.008722261771777,0.993868929180012,1.0,1.0,1.0177877802579502,0.993868929180012,1.0,1,1.0144189883244934,1.007414185290222,-0.0132855718477781,0.0123208486956628,-0.0013722482283825,0.0036506986581172,0.0,0.0,0.0,0.0,0.0089319714496394,0,staggered_levels:9:0.380:6,1.7229363108555673,0.9946736423900006,0.005326357609999444,1.5158482393121453,0.22640475769790105,23,343,-2.4202677786578306,-0.0027662870240030557,-2.4217892365210325,-0.005805089455646062,1
joint_g01_0216,11915,447.5831872092202,0.9986178823742183,843.6471325881452,15.261555087852656,0.9851760754470704,17.092148707186528,35.63911470362723,1.266633418598272,1.0089226205776511,1.0,1.0,1.0,1.0097101944104603,1.0,1.0,1,1.035,0.99152979017112,-0.00034176241333631376,0.01386567378898081,-0.02750269502876233,-0.017427555010718958,0.006598130431055021,6.0,-1.8873712712460993,-0.010164273590223948,0.007650604618358391,1,staggered_levels:9:0.380:0,1.7179068850472299,0.9949328134673324,0.005067186532667578,1.515072902734578,0.22315156877863832,23,348,-2.39568274754596,-0.13821176257816647,-2.471699216963952,-0.031722197188832624,1
joint_g01_0214,11915,448.18270314549756,0.9999554825161446,843.621568,15.24067847665803,0.9877020086860698,16.92532266490161,34.65908074367644,1.2661399764954677,1.0093542067816426,0.9908169672544906,1.0,1.0,1.009525396321767,0.9908169672544906,0.9940314279418025,1,1.017016065306254,1.0054449141619255,-0.019157012541887442,0.008434916393586496,0.024678283495506714,0.0033472054952713975,0.026,6.0,-0.17229310751600893,-0.007219288340394569,-0.011009427241049398,1,staggered_levels:9:0.380:8,1.73010296709068,0.9947324689663585,0.005267531033641526,1.5168470234995517,0.23517763514085022,23,346,-2.3550470208124645,-0.004451748385536636,-2.35749548242451,-0.011687747091437828,1
joint_g02_0326,11915,448.5571711286539,1.0007909706109683,843.621568,15.227955135023052,0.9764727232598277,16.567819064767875,34.339119327390335,1.2681244334839583,1.009654975093898,0.9727036853013104,1.0,1.0,1.0030795632867306,0.9818078763952527,0.9727036853013104,1,0.998973678705439,0.9828955321821315,-0.01897737262252766,0.006471700273216184,-0.035,0.005463303359241193,-0.012377881708051035,4.0,-0.39244169968905956,-0.0037624011967952375,0.012,2,staggered_levels:9:0.380:2,1.727095686022123,0.9947818125991139,0.005218187400886087,1.5191154823033237,0.22860385588346216,23,345,-2.211195705963312,0.07909706109683334,-2.211470210552191,-0.01662211036698169,1
joint_g02_0283,11915,448.2209379536884,1.0000407894809271,843.621568,15.239378393665671,0.967763538419369,16.67482471208257,34.47022120369434,1.266861904696691,1.0093899268920767,0.9908069021358658,1.0,1.0,1.004149243914198,0.9928904329438111,0.9908069021358658,1,1.0100626374715342,0.9887169869059523,-0.015305449754836449,0.014424528596283256,-0.035,0.016441545867062958,0.008644526691045599,4.0,-0.09133357661203698,-0.005309264605174595,0.008667358762187216,2,staggered_levels:9:0.380:5,1.729004269625427,0.9945313026249563,0.005468697375043741,1.5188219775966385,0.22920188053797663,23,344,-2.182033800091814,0.004078948092711698,-2.230363700933524,0.00842888704878364,1
joint_g00_0025,11915,447.8926376142848,0.9993083075667557,843.6341658434964,15.250776426345157,0.9859511834683904,17.30294347101475,35.31494608740809,1.2650957357298849,1.0089018177890656,1.0,1.0,1.0,1.0030521934714318,1.0,1.0,1,1.0198589399973008,1.0209390358098145,-0.0120092699040519,7.034646017134785e-05,0.004835355468482,0.0195183963949876,0.0109047788698842,4.0,1.1626764434687669,0.0008011115929173,0.0089742939387552,0,staggered_levels:9:0.380:0,1.7267585939309456,0.9949278235872877,0.005072176412712293,1.5222777346027154,0.2253008325856587,23,343,-1.9698665634991963,-0.06916924332442953,-2.0079096473276326,-0.031223209184361167,1
joint_g00_0041,11915,448.12973229940417,0.9998372974822447,843.6336819841435,15.242698864266899,0.9878979602258279,17.092240273169573,35.30284960358722,1.2661978229359578,1.0087770905224338,0.9943459563609592,1.0,1.0,1.0191996458079446,0.9943459563609592,1.0,1,1.0080560740459303,0.9990324964690686,-0.0055324198503377,0.0151287531649015,-0.0248107694645465,0.0018305086870771,0.0,0.0,0.0,0.0,0.0079161428229187,0,staggered_levels:9:0.380:2,1.7293968596335665,0.9948007106537508,0.005199289346249247,1.5233337929370272,0.22622405503039247,23,343,-1.930980402315724,-0.016270251775529765,-1.9399290407922654,-0.018511915830665693,1
joint_g00_0166,11915,448.4477701232904,1.0005468823533488,843.621568,15.231670068427547,1.0074881625534835,16.32925526992638,34.41433302498967,1.2652898777028367,1.009202749187645,0.9414611009916696,1.0,1.0,1.069364830124865,0.9414611009916696,1.0,1,0.9691691731284725,1.0087185943458472,-0.018134534295393735,0.015247008731604516,-0.004382841329952129,0.003328137216841278,0.009130759899391333,6.0,1.8598774747221993,-0.0025738619079778645,-0.008256224374387642,0,staggered_levels:9:0.380:2,1.741085851122372,0.9948804180875073,0.005119581912492732,1.5215076650092132,0.24498815030094595,23,342,-1.8563257167595593,0.054688235334876545,-2.0574805813753594,-0.026482659206317205,1
joint_g00_0063,11915,448.34284721709486,1.0003127853331928,843.621568,15.235234642056215,0.9799191834248393,16.952677260737055,34.737806689529634,1.2660759719331445,1.00887206314883,0.9829362604800895,1.0,1.0,1.0159055091423181,0.9829362604800895,0.992357379485222,1,1.0000510523741342,0.9995439376800344,-0.0125684590100636,0.0082893200100937,0.0325116108156394,0.0124093413499604,0.0,0.0,0.0,0.0,0.0024790446770887,0,staggered_levels:9:0.380:8,1.7305388850212218,0.9947732597426219,0.005226740257378126,1.525869260582779,0.22410992351572764,23,346,-1.793919064154741,0.03127853331927888,-1.7767158708291375,-0.015766824717777794,1
joint_g02_0302,11915,448.54056441737964,1.0007539188196592,843.621568,15.228518932980888,0.9811049443712007,16.52845294131537,34.21277579414459,1.267249337200156,1.0099618505984405,0.9671761825935039,1.0,1.0,1.0098115710631694,0.9671761825935039,0.9705890058937329,1,1.005370262111458,0.9861543295299098,-0.025,0.016551057878849813,-0.03475529049274496,0.006554845851862483,0.011774445638198012,4.0,-0.5341579667417984,-0.0062625332588245744,0.006033390342956127,2,staggered_levels:9:0.380:0,1.737811140918235,0.9948670469193263,0.005132953080673741,1.532253061863602,0.2261698766532225,23,343,-1.3303003279145569,0.07539188196592495,-1.3657776972722746,-0.025145542388216313,1
joint_g00_0086,11915,448.337968912329,1.0003019011835776,843.621568,15.235400414582559,0.9884365102479566,17.01468004096792,34.86078676215311,1.266468168637556,1.0089390318240237,0.9854936800469148,1.0,1.0,1.0185253332330118,0.9854936800469148,0.9975050673882664,1,1.0014177320732562,1.0057542478519987,-0.0141102313733715,0.0070605708143523,-0.0050715169364047,0.0147991659954093,0.0,0.0,0.0,0.0,0.0084614001152742,0,staggered_levels:9:0.380:6,1.741970848048096,0.9946575367795311,0.00534246322046894,1.5338501171657337,0.2276313177854397,23,343,-1.2795765890629618,0.03019011835776464,-1.2629720239661912,-0.004194528408696385,1
joint_g00_0082,11915,448.13055177861895,0.9998391258498454,843.6322397217383,15.242644931903866,0.9987130115460535,17.204013435234575,35.26679304345794,1.2664028518186452,1.008656446228436,0.9967946635555237,1.0,1.0,1.0014541874518912,1.0,0.9967946635555237,1,1.0,1.0,0.0,0.0,0.0,0.0,0.012,6.0,0.5235987755982988,0.0,0.0,0,staggered_levels:9:0.380:6,1.7433837794332838,0.9946249455554402,0.005375054444559768,1.5349078357821258,0.22780075005231987,23,349,-1.186036463463691,-0.0160874150154644,-1.1948845417221965,-0.0009354059996136144,1
joint_g00_0083,11915,448.13055177861895,0.9998391258498454,843.6322397217383,15.242644931903866,0.9987130115460535,17.204013435234575,35.26679304345794,1.2664028518186452,1.008656446228436,0.9967946635555237,1.0,1.0,1.0014541874518912,1.0,0.9967946635555237,1,1.0,1.0,0.0,0.0,0.0,0.0,-0.012,6.0,0.0,0.0,0.0,0,staggered_levels:9:0.380:6,1.7433837794332838,0.9946249455554402,0.005375054444559768,1.5349078357821258,0.2278007500523199,23,349,-1.186036463463691,-0.0160874150154644,-1.1948845417221965,-0.0009354059996136144,1
joint_g00_0022,11915,448.1471892637415,0.9998762463017209,843.6283975210234,15.242009630166963,0.9819620537040399,17.04253965400355,35.17073802558548,1.2669474422634495,1.0083553602786552,0.9900738073334057,1.0,1.0,1.026397674023284,0.9900738073334057,1.0,1,0.9924914419261156,0.9956582775095278,0.0013427702552194,0.0137788049236767,0.0166215697191986,0.0157149545389713,-0.0036018764911851,4.0,-2.1128761993394347,0.0118361475349341,0.0069792579907437,0,staggered_levels:9:0.380:8,1.7454976621924256,0.9947997475988759,0.005200252401124095,1.535595582310842,0.23133375076495327,23,342,-1.1438064561108514,-0.012375369827910543,-1.150612909516202,-0.018415610343180955,1
joint_g02_0290,11915,448.367133713505,1.0003669717510666,843.6220319328374,15.23441777996452,0.9933625358491052,16.970466167787077,35.01159832093549,1.2666963666830353,1.0087764818169263,0.9826125498148396,1.0,1.0,1.0265811978028718,0.9826125498148396,1.0,1,1.004355279129437,0.9941559330092745,-0.009525451142176787,0.018,-0.010850146536488588,-0.010072620644083097,0.0,0.0,0.0,0.0,0.012,2,staggered_levels:9:0.380:0,1.7434965942198883,0.9948747769230887,0.005125223076911323,1.537116977929031,0.22733740633663718,23,343,-1.0728610490862145,0.03669717510665915,-1.052677602777552,-0.025918542764458152,1
joint_g02_0277,11915,448.23209388015385,1.0000656798431686,843.6301853665841,15.239154767190879,0.9866276911716594,16.945630473228437,35.21543416460122,1.2658022524941233,1.008224103698708,0.983334394916526,1.0,1.0,1.0242569042339262,0.983334394916526,1.0,1,1.0079456925334644,1.0020419271982617,-0.012590520983647775,0.018,0.02776941755899727,0.007110361652232561,0.015165630308906539,4.0,0.3480924577331761,-0.009673326025706426,-0.010729996249895285,2,staggered_levels:9:0.380:0,1.7507362885971007,0.994904702993929,0.005095297006071031,1.5397719644440877,0.2337296601473547,23,347,-0.8853831533338075,0.006567984316863118,-0.8817707619595327,-0.028911149848487305,1
joint_g00_0157,11915,447.95977233185687,0.9994580940900468,843.6238905626216,15.248305103681169,0.9806042021723208,16.759246600759873,35.05806406553779,1.2663648103824472,1.0094174054066372,0.987896603914812,1.0,1.0,1.0125680423682997,1.0,0.987896603914812,1,1.01445860267111,0.9778894151892198,-0.0017518662588762335,0.009896949070821894,0.032060063593121337,-0.002209967266849966,-0.02128316209576544,8.0,-1.996362922158654,0.007200167531090452,0.006341318113087028,0,staggered_levels:9:0.380:0,1.748072782831295,0.9949415628459276,0.005058437154072393,1.5422579429710306,0.22720770637567703,23,348,-0.6919384814159157,-0.054190590995317756,-0.7217433064633405,-0.032597135048351156,1
joint_g02_0336,11915,448.18136657417824,0.9999525004469814,843.621568,15.24072392757424,0.9897270950327578,16.845200942600126,34.81367741803615,1.2664850891188313,1.009166649823484,0.9883010606967795,1.0,1.0,1.0126379423739107,0.9883010606967795,0.9945643523914622,1,1.0026052289401988,0.9928556283972108,-0.009816233977778605,0.014062852418772698,-0.035,0.02,-0.0052641152785935135,4.0,-0.9910160853484029,-0.011234780755331998,0.007405033087999077,2,staggered_levels:9:0.380:3,1.7532317039915772,0.9947390501588251,0.005260949841174867,1.5427035646443261,0.23160198727870265,23,343,-0.6904452644912962,-0.004749955301863729,-0.6930577399073212,-0.01234586633810375,1
joint_g01_0271,11915,448.16575809272,0.9999176758397434,843.6405251744187,15.241597212516458,0.9857284782729575,16.956207230375156,35.47392936046822,1.2661271132158358,1.0085207374446337,0.9882213248351982,1.0,1.0,1.0094243305720996,0.9882213248351982,0.9913281106854611,1,1.0086229746159658,0.9999441758484379,-0.01111185030230868,0.011488543929022326,0.029310726500007437,0.011057788050541995,0.026,4.0,0.44127250959092273,-0.00812536527239971,-0.009491493496034573,1,staggered_levels:9:0.380:0,1.7524703019245025,0.9948613529272143,0.005138647072785663,1.5435284974503911,0.2306283666194824,23,345,-0.6354273213165118,-0.008232416025655276,-0.6399551501306222,-0.024576143177024168,1
joint_g01_0230,11915,448.19814762540335,0.9999899412140105,843.621568,15.240153297440466,0.9853754987663775,16.879502356426915,34.875724754974954,1.2669380119536084,1.0090001318870523,0.992613239300439,1.0,1.0,1.0158620644847773,0.992613239300439,1.0,1,0.9995047192466768,0.9913421950466699,-0.0067655278035892415,0.014697673126189081,-0.027760518016082286,0.02,-0.012311983893114331,4.0,-0.6152061572360478,-0.007500497738585748,0.012,1,staggered_levels:9:0.380:5,1.7577336638228185,0.994620564043516,0.005379435956484047,1.5446519590196657,0.23390087081035266,23,339,-0.5670824280841158,-0.0010058785989475183,-0.5676356613135369,-0.0004972548071857652,1
joint_g00_0093,11915,448.1845435241889,0.9999595886468573,843.621568,15.240615893911002,0.9927513137179663,17.050376054504643,34.97629756147717,1.2651299307718797,1.009014090902236,0.9934674670268556,1.0,1.0,1.0009469240776123,1.0,0.9934674670268556,1,0.99234216277776,0.9826758179726393,0.0080731263751721,0.0026809968454793,-0.0037169753057637,0.005398126975373,0.0,0.0,0.0,0.0,0.0070726453390368,0,staggered_levels:9:0.380:0,1.7500638962619313,0.994920013324336,0.0050799866756640055,1.545421427709422,0.22544341576381466,23,349,-0.5158807842299551,-0.004041135314269972,-0.5181034086528036,-0.030442182889189873,1
joint_g00_0021,11915,448.41568933674637,1.0004753058329632,843.621568,15.232759780424237,0.9926823202701708,16.867043605611233,34.296891129782125,1.2660687390234664,1.008917814267252,0.993294227059049,1.0,1.0,1.0051654161726764,0.9943767056592674,0.993294227059049,1,0.9681751633159336,0.971846377514297,0.0151034819230917,-0.0034535997949412,-0.0032614672875923,0.0138362862083349,-0.0171982031835563,4.0,-2.3888616486119516,0.0035714664660602,0.006277613005114,0,staggered_levels:9:0.380:5,1.7584358314126924,0.9945855972700887,0.005414402729911338,1.5456979303923766,0.23311610921458212,23,345,-0.5084496584557341,0.047530583296317985,-0.5003043728560197,0.0029994225355434168,1
joint_g01_0229,11915,448.32602025591393,1.0002752421349193,843.621568,15.235806464101604,0.9974464212348613,16.9688908947776,34.43054344513757,1.2661695151890355,1.0087583001806701,0.9930909571751652,1.0,1.0,1.0029057343558174,1.0,0.9930909571751652,1,0.9959250075352283,0.9931260004836916,-0.005233503370405104,-0.004874908499629326,0.002498814926226838,0.006262023600877101,0.01830212203447921,4.0,0.028761916789416874,0.0010911954337681344,0.001080472651149732,1,staggered_levels:9:0.380:5,1.7596490635984419,0.9946304697975754,0.005369530202424588,1.546811906555568,0.23366726083453557,23,345,-0.4437337961944554,0.02752421349192513,-0.4285954787738966,-0.0014878302131315913,1
joint_g00_0068,11915,448.2536598349432,1.000113796369255,843.621568,15.23826594066221,0.98882849255087,17.064579594340014,34.798632322021376,1.2661069558128282,1.0090501618980532,0.9892411862466359,1.0,1.0,1.0025319658771938,0.9979550655465116,0.9892411862466359,1,0.9922963226907284,0.9922394735119489,0.0009886140582543,-0.0027108806871164,-0.001328376551529,0.0167123169785395,0.0,0.0,0.0,0.0,0.0008990844954417,0,staggered_levels:9:0.380:0,1.753371980158874,0.9949180342844499,0.005081965715550085,1.5474796748156452,0.227091393779171,23,349,-0.3918686883535172,0.01137963692550148,-0.38560988804449137,-0.0302442789005819,1
joint_g02_0337,11915,448.3789766129062,1.000393394841699,843.621568,15.23400702021984,0.9833662626301282,16.837327796128307,34.623408433136774,1.2668491572461225,1.0092269355693455,0.9823960007190834,1.0,1.0,1.0173703263305354,0.9823960007190834,0.9932420185884779,1,1.0025146771746116,0.9952887802636368,-0.015456641291655117,0.012958732961242645,-0.03353096754812882,0.007098149625779809,-0.00874083406344979,4.0,0.535289745663169,-0.005082675729030617,0.0076381424207060105,2,staggered_levels:9:0.380:2,1.759355165389485,0.9948476038919585,0.005152396108041524,1.548299409047839,0.2333186447804738,23,343,-0.35447865725417027,0.039339484169897965,-0.3328419409607264,-0.023201239651438055,1
joint_g02_0305,11915,448.21648572720136,1.0000308559688709,843.621568,15.239529769543825,0.9907231312937829,16.95123340309908,34.87732904324571,1.2661428159892836,1.0089850398035853,0.9942195008974752,1.0,1.0,1.0114125018643154,0.9942195008974752,0.99930952392553,1,1.0012627664611813,0.9959348645592192,-0.007926465316774276,0.0084397034781462,-0.019707987899766126,0.013713614016836297,-0.009412450567306715,4.0,-0.6277466327043304,-0.010087223196507388,0.012,2,staggered_levels:9:0.380:4,1.7632293015646976,0.9946188509037883,0.005381149096211679,1.5491852939042359,0.23516795198263998,23,343,-0.2775128229660073,0.003085596887086872,-0.27581574467810954,-0.0003259408344225001,1
joint_g00_0084,11915,447.7259528406096,0.9989364115696128,843.6388499275761,15.2565388757737,0.9874018464300098,17.44472923375297,35.432048189402394,1.2653117101009366,1.008221863208297,1.0,1.0,1.0,1.0085279458361072,1.0,1.0,1,1.017484704548138,1.0211546740818789,-0.0025561548274937,-0.0104325242350211,0.0327910772655962,0.0165170118399523,0.0,0.0,0.0,0.0,-0.0105312747025623,0,staggered_levels:9:0.380:0,1.7516298970693902,0.994933771557394,0.005066228442605958,1.548268057540234,0.22386432057455258,23,358,-0.2763627371140637,-0.106358843038723,-0.3348601007853613,-0.03181800619499464,1
joint_g00_0097,11915,448.80228682864305,1.0013378564821425,843.621568,15.219638308233467,0.9989822818286391,16.714143237063144,34.027543846154,1.266361965538276,1.0096217856649103,0.97,1.0,1.0,1.0062608318340642,0.97,0.97,1,0.97,0.97,0.0,0.0,0.0,0.0,0.0,0.0,0.0,0.0,0.0,0,staggered_levels:9:0.380:5,1.7611502973263748,0.994615329918889,0.005384670081110987,1.5523032524745635,0.22820580571204566,23,349,-0.08853161878098037,0.13378564821424632,-0.07510645819619466,2.6157655508285416e-05,1
joint_g00_0195,11915,448.6065555107991,1.0009011537646915,843.621568,15.226278781553761,0.9829692217287449,16.415444205252612,33.782068054807496,1.2673267442878426,1.0099516913799913,0.9549222613889581,1.0,1.0,1.0187687202363112,0.9789357486687491,0.9549222613889581,1,1.0007920658910725,0.9785703011337038,-0.023648646714080807,-0.0019830658069655903,0.011391527639254665,0.005780275754073374,-0.0011676519524766323,4.0,1.9279009003305876,-0.006053097958224146,0.007042667257078492,0,staggered_levels:9:0.380:8,1.7535393455888784,0.9948036201636105,0.005196379836389542,1.550575625576738,0.2221187482098845,23,348,-0.08541431405550792,0.09011537646914647,-0.18631728866372876,-0.018802866816636232,1
joint_g00_0101,11915,448.42959144189507,1.0005063232867033,843.621568,15.232287538109695,0.9931164906620665,16.714916533518103,34.2734646923077,1.2668054635053807,1.0095524229266757,0.97,1.0,1.0,1.0142683928587357,0.99,0.97,1,0.99,0.97,0.0,0.0,0.0,0.0,0.0,0.0,0.0,0.0,0.0,0,staggered_levels:9:0.380:0,1.7546862533681424,0.9949063529183912,0.005093647081608754,1.551961252618204,0.2227592949049028,23,351,-0.06496946001368631,0.050632328670330295,-0.0971216792450047,-0.029076142294715,1
joint_g00_0102,11915,448.4156507795561,1.0004752198067208,843.621568,15.232761090218881,0.999495622803096,17.05876474710568,34.78174315384604,1.2660880351126387,1.0089314331571717,0.9899999999999999,1.0,1.0,1.0062608318340642,0.99,0.9899999999999999,1,0.99,0.99,0.0,0.0,0.0,0.0,0.0,0.0,0.0,0.0,0.0,0,staggered_levels:9:0.380:5,1.7620175092265045,0.9946155050798242,0.005384494920175786,1.5530946434410366,0.22830853512564978,23,349,-0.05024826433282725,0.0475219806720828,-0.024163024335110972,8.641561988209645e-06,1
joint_g01_0211,11915,448.14156201526197,0.9998636911586307,843.6404781313055,15.242419287505191,0.9927488464037952,17.074839585843613,35.47275328263663,1.2658491389415523,1.0084395773229975,0.9994011754048832,1.0,1.0,1.0139495317525395,0.9994011754048832,1.0,1,1.0045434848871122,1.0038337219313052,-0.006949050714448851,0.007472563994295671,-0.010193434951230552,0.004102116718760416,0.021502802244846964,4.0,0.36934500533065534,0.001693001070375506,0.008777259317201044,1,staggered_levels:9:0.380:2,1.7657718470825463,0.9947795373349726,0.005220462665027403,1.553348266018184,0.23450712321222708,23,339,-0.00033984085519245255,-0.013630884136928145,-0.007836827130502932,-0.016394583952850095,1
baseline_full,11915,448.202656,1.0,843.628136,15.240118650736063,1.0,17.231075502126952,35.16419999999994,1.2659227254653054,1.0086594164645375,1.0,1.0,1.0,1.0062608318340642,1.0,1.0,1,1.0,1.0,0.0,0.0,0.0,0.0,0.0,0.0,0.0,0.0,0.0,0,staggered_levels:9:0.380:5,1.7624293408143807,0.9946155914954441,0.005384408504555904,1.5534700087772961,0.22835796334025754,23,349,0.0,0.0,0.0,0.0,1
joint_g00_0038,11915,448.14923472888836,0.999880810007713,843.6245983438653,15.24187142161424,0.9923589453044755,17.14794931755615,35.075758596630976,1.2663050930198343,1.0086308460656233,0.9956956338763869,1.0,1.0,1.011877917383021,0.9956956338763869,1.0,1,0.9944620813010336,0.986240673113395,0.0090618068301955,0.006994408706837,0.0203520151108541,-0.0019930396782304,-0.0004689676367596,6.0,2.672538484904919,0.0007342394151464,0.0019771289146213,0,staggered_levels:9:0.380:7,1.7653957101495825,0.9946894974092272,0.005310502590772814,1.5550614061209476,0.23088104785763394,23,348,0.10899690867444134,-0.011918999228699434,0.10244145909865665,-0.007390591378308997,1
joint_g00_0023,11915,448.1546286851982,0.9998928446448078,843.621568,15.24163322262168,1.0012095074837621,17.193588199215267,34.9851992621866,1.2659688385120376,1.008394207659652,1.0,1.0,1.0,1.0076248483903159,1.0,1.0,1,1.0,1.0,0.0,0.0,0.0,0.0,-0.012,4.0,0.7853981633974483,0.0,0.0,0,staggered_levels:9:0.380:8,1.7668345654182147,0.994795314570737,0.005204685429263001,1.558764558984508,0.22884961123848765,23,346,0.346714427931904,-0.01071553551922344,0.3408208833963311,-0.017972307529290354,1
joint_g00_0024,11915,448.1546286851982,0.9998928446448078,843.621568,15.24163322262168,1.0012095074837621,17.193588199215267,34.9851992621866,1.2659688385120376,1.008394207659652,1.0,1.0,1.0,1.0076248483903159,1.0,1.0,1,1.0,1.0,0.0,0.0,0.0,0.0,0.012,4.0,0.0,0.0,0.0,0,staggered_levels:9:0.380:8,1.7668345654182147,0.994795314570737,0.005204685429263001,1.558764558984508,0.22884961123848765,23,346,0.346714427931904,-0.01071553551922344,0.3408208833963311,-0.017972307529290354,1
joint_g00_0094,11915,448.29257773055673,1.0002006273933297,843.621568,15.236943051833197,0.9997628352170386,16.884811469952577,34.28451362597161,1.2658742869353132,1.0087237591673175,0.996540657266385,1.0,1.0,1.0028952762437382,1.0,0.996540657266385,1,1.0089082205298678,0.9956911784851992,-0.0106609098001171,0.0008270780251246,0.0204077269118037,-0.0162098941145998,0.0234331177531292,4.0,-1.7179013697336192,-0.0047058566999953,-0.0079925962308189,0,staggered_levels:9:0.380:5,1.7752450901971026,0.9945807765929472,0.005419223407052809,1.5598676412331929,0.23659051348605328,23,347,0.42168294907831694,0.02006273933297109,0.41182851421330824,0.0034814902496904665,1
joint_g01_0270,11915,448.1487425365993,0.9998797118609651,843.621568,15.241833411776582,0.978236813460997,16.87740135859142,34.17177706818916,1.2655109155515505,1.0090548546518443,0.9942139198810341,1.0,1.0,1.0066415749879456,1.0,0.9942139198810341,1,1.0142306845059743,0.9979768311127982,-0.013882139567983757,0.00429196049337911,0.035,0.013240359752998332,0.026,4.0,-0.23264910739569722,-0.0063101956840246115,-0.007632029865619047,1,staggered_levels:9:0.380:0,1.7694612455266772,0.9949434665516714,0.005056533448328571,1.5603490022143258,0.23162201223206835,23,345,0.4494305397982007,-0.012028813903486313,0.4428146921512832,-0.03278750562273336,1
joint_g01_0258,11915,448.18888341532147,0.9999692715237312,843.621568,15.240468316368986,0.9915574908942538,17.111862095246142,34.82290541844691,1.26583177440855,1.0085679429449035,0.9933980440034568,1.0,1.0,1.0182400325220173,0.9933980440034568,1.0,1,0.9821942586552679,0.9860657902868966,0.01235688980600277,0.004663675914979183,0.01622626217032559,0.012706167595060951,0.008977639909659746,4.0,3.007624512047361,-0.008677954986216511,-0.0014445335477014285,1,staggered_levels:9:0.380:2,1.7694423272488902,0.9947568870478449,0.005243112952155071,1.5623484692686027,0.2271894230869359,23,344,0.5732144883685053,-0.003072847626883757,0.5715244221737192,-0.014129555240083302,1
joint_g02_0313,11915,448.5678443670179,1.0008147840315742,843.621568,15.2275928005468,0.9717857466806454,16.526984552582103,34.20677285010788,1.2669988351162813,1.009672037758978,0.9714781196917899,1.0,1.0,1.0100728018225247,0.9714781196917899,0.9751583239882856,1,0.9986936063605011,0.9895824112108833,-0.023157198346930724,0.011195279454922961,-0.023270554304561895,0.02,-0.004076979903749747,4.0,0.1377671163480294,-0.007706508321017367,0.009013625183917084,2,staggered_levels:9:0.380:2,1.7676084615331624,0.9948335877131931,0.005166412286806921,1.5637483902495208,0.22359358036799074,23,344,0.6679583214386511,0.08147840315742005,0.6616401613259715,-0.02179962177489836,1
joint_g00_0057,11915,448.3363533301158,1.0002982966038376,843.621568,15.23545531542149,0.9891489439510464,17.018822339881357,34.797892702645186,1.2666953960888325,1.0090553150447392,0.991884852998533,1.0,1.0,1.0057099029239451,0.9924282085322087,0.991884852998533,1,0.9669586404219084,0.9755348045008808,0.0194560902341871,-0.0038747140286463,-0.0082931598071028,0.0168370061037179,0.0,0.0,0.0,0.0,0.008352844632184,0,staggered_levels:9:0.380:8,1.7717128585598578,0.9948043164974467,0.005195683502553283,1.5665105027029904,0.22511009511865915,23,349,0.8230366018123336,0.029829660383762224,0.8394429150234028,-0.0188725002002621,1
joint_g01_0254,11915,447.79481057889365,0.9990900423822872,843.6618221659428,15.254608237351228,1.004007380530304,17.465571862087867,36.00635414857015,1.2654571336678597,1.0081907514418362,1.0,1.0,1.0,1.0154042058570942,1.0,1.0,1,1.0207724924946422,1.0153474102900462,-0.001777989128987338,0.007813285424210165,-0.010301365493475417,-0.013585947389008939,0.0,0.0,0.0,0.0,0.010905508959678487,1,staggered_levels:9:0.380:0,1.7714336228997922,0.9949883728377719,0.005011627162228138,1.5679213353435633,0.22457452989417623,23,343,0.9803087287060025,-0.09099576177128421,0.9302610597317962,-0.037278134232776594,1
joint_g00_0056,11915,448.188550546358,0.9999685288486064,843.6298615040379,15.240629462075319,0.9910126694476153,17.038461047612365,35.20733760094663,1.2660658350740377,1.0082842467846014,1.0,1.0,1.0,1.0062023225144103,1.0,1.0,1,0.995324352596901,0.9942480843415584,0.0003709321884388,-0.0010213661246478,-0.0267200874585381,-0.0089278143595769,-0.025976614140828,4.0,-0.5167282673716982,0.0036435802331048,0.0116609627397514,0,staggered_levels:9:0.380:1,1.7859871662394342,0.9948860009910396,0.005113999008960368,1.569691638863041,0.24066337908489407,23,341,1.0459499838005415,-0.0031471151393569485,1.0442190704738952,-0.027040949559553606,1
joint_g00_0183,11915,448.4815910187035,1.0006223412890787,843.621568,15.230521417667589,0.9967724778733148,16.77410414552096,34.636456981752644,1.26656126373704,1.0093053498863935,0.9775833310803401,1.0,1.0,1.0064344579780122,0.990033416786366,0.9775833310803401,1,0.9910505056539082,1.005996098872759,-0.01584085220530573,-0.01714383020671536,-0.024706958857089626,-0.0008270259332181996,0.0,0.0,0.0,0.0,0.003952049332654422,0,staggered_levels:9:0.380:1,1.784639223327674,0.9948783874112513,0.0051216125887486585,1.5756388940336632,0.2308653882303602,23,350,1.4073271324079624,0.062234128907867614,1.4270558897893304,-0.02627959158072457,1
joint_g00_0146,11915,448.47270810992677,1.0006025223329484,843.621568,15.230823088939728,1.0016771167391272,16.932668720586562,34.547230433272716,1.2669148621016246,1.0089341697069454,0.9814255569156067,1.0,1.0,1.0087459556245155,0.9814255569156067,0.9838493459799218,1,1.0128775745715042,1.0088298242742788,-0.024628792111524564,0.002087133089115723,0.019305130624309774,-0.014937172511682641,0.0,0.0,0.0,0.0,-0.010919081815193018,0,staggered_levels:9:0.380:8,1.8023840828852662,0.9947717421522316,0.0052282578477683694,1.5921143904975104,0.23156251660450283,23,356,2.454478123115212,0.06025223329484408,2.4876168514273767,-0.015615065678753481,1
joint_g00_0049,11915,447.94746740929156,0.9994306401640145,843.6394043893848,15.24900438451003,0.9859997921024674,17.320741516943272,35.44590973461959,1.2652079569557722,1.008291471751921,1.0,1.0,1.0,1.01722908738043,1.0,1.0,1,1.0100641193099755,1.0031526296267228,0.001353610171395,0.0088680161437788,0.0335926792161511,-0.0161784529335889,0.0074049599896701,4.0,2.620380519624563,0.0052501205419465,0.0045140230993067,0,staggered_levels:9:0.380:0,1.7958420336774505,0.9949513218053173,0.0050486781946826875,1.591189010699966,0.22574970081960788,23,347,2.4593630770454222,-0.056935983598549456,2.42804828606622,-0.03357303098732167,1
joint_g00_0075,11915,448.23610920669614,1.0000746385730837,843.6250121490506,15.23892480685323,0.9911447640981835,17.024646485091875,35.086103726262536,1.266549818633828,1.0089996869784108,0.9950579497886987,1.0,1.0,1.002797253401945,0.9984947973088778,0.9950579497886987,1,0.9852017203365036,0.997519069517872,0.0025313078409203,-0.0080276996822188,-0.0234819412018631,0.0106061024014835,0.0,0.0,0.0,0.0,0.0107293443816449,0,staggered_levels:9:0.380:2,1.8031409491679247,0.9947931049859883,0.005206895014011725,1.594464831490135,0.22963713677294345,23,350,2.6348143607499743,0.007463857308365185,2.638919482269575,-0.017751349054417886,1
joint_g01_0241,11915,448.15075124485037,0.9998841935574125,843.621568,15.241765094594358,0.987199863026601,16.960945752383584,34.4726926697756,1.2648872606256276,1.0083220685020369,1.0,1.0,1.0,1.0063620427564057,1.0,1.0,1,1.0140612166409666,1.002303575029139,-0.012802151233502625,0.008853698156461908,0.021645843172560422,0.007407667946251801,0.026,4.0,-0.06387574407685145,-0.0060156803299191,-0.012,1,staggered_levels:9:0.380:0,1.8035604585929352,0.9949368441231708,0.005063155876829151,1.5948012952610768,0.23108942959207265,23,344,2.666947688668291,-0.011580644258746275,2.6605783343259803,-0.032125262772675356,1
joint_g00_0173,11915,448.2568384305181,1.0001208882406045,843.623383449306,15.238190677979812,0.9934637449329966,17.1185674203746,35.04538623264739,1.2654171313003182,1.0087131714697288,0.9929363355077025,1.0,1.0,1.0092563525853482,0.9929363355077025,0.9958921907925554,1,1.0030000937081056,1.0067154906963633,-0.009384263544370847,0.0014898414951294483,-0.01660628636635476,0.003114357094818909,0.0,0.0,0.0,0.0,-0.009501454122244249,0,staggered_levels:9:0.380:2,1.8116829160231713,0.9947969101842705,0.005203089815729478,1.600465858358574,0.23306057193932098,23,357,3.01856884107341,0.012088824060452197,3.025217694306659,-0.01813186888264262,1
joint_g00_0194,11915,448.8027405450569,1.0013388687840727,843.621568,15.219622921964424,0.988903134010686,16.523754826233315,33.85466140502717,1.2684261720717196,1.0102488796117552,0.9529666513700062,1.0,1.0,1.0173646824159863,0.9755845825869012,0.9529666513700062,1,0.9732001861474678,0.9696386417335241,-0.007156426001335709,-0.011784875311318447,-0.028663197400505633,-0.0030706894987566446,0.0,0.0,0.0,0.0,-0.005530605041629231,0,staggered_levels:9:0.380:2,1.80685446832915,0.9948101921372562,0.0051898078627438116,1.601362624347632,0.22555091858974854,23,353,3.171506639717183,0.13388687840727442,3.0829443310612215,-0.01946006418120927,1
joint_g00_0200,11915,449.0934100023536,1.0019873911732322,843.621568,15.209772232917429,1.0040482260332106,16.242701442769555,33.288090302830824,1.2678848772219184,1.0106323679252263,0.9166666666666666,1.0,0.9166666666666666,1.015809517223227,0.9596775722187585,0.9388635955450473,1,0.9713210419731618,0.9708962534133052,-0.02187023746779608,-0.0163726397180997,-0.0080426076758085,-0.01452722831262768,0.0,0.0,0.0,0.0,0.002178025352516598,0,staggered_levels:9:0.380:8,1.8157402276098447,0.9948152895190501,0.005184710480949928,1.608661197684309,0.22771474207851491,23,352,3.823461713708098,0.19873911732322114,3.5527682282358697,-0.019969802360597644,1
joint_g00_0098,11915,448.4796938291205,1.0006181084056773,843.621568,15.230585846864663,1.0039145957253612,16.71564555660681,34.526754076923,1.2668641510910548,1.0089526883355266,0.97,1.0,1.0,1.0270084778512614,0.97,0.9899999999999999,1,0.97,0.99,0.0,0.0,0.0,0.0,0.0,0.0,0.0,0.0,0.0,0,staggered_levels:9:0.380:0,1.823773604994213,0.9949332398636729,0.00506676013632712,1.6141408456813797,0.23222058447805818,23,347,3.9315082676558846,0.061810840567733116,3.9055042299681375,-0.03176483682287845,1
joint_g00_0182,11915,449.0489215262817,1.0018881314399923,843.621568,15.21127910567807,0.9918394721242656,16.25373288927704,33.38401207525612,1.2678208086166045,1.0102218156950877,0.9462714948402169,1.0,1.0,1.0129279439684902,0.9462714948402169,0.952541139813093,1,0.9704555021677592,0.9780196002998239,-0.024585777907747675,-0.004232706399280285,0.023854650955881084,-0.01177625124163524,0.00016049698370940301,4.0,-2.745665073663905,-0.004580725937637407,0.003693901762669323,0,staggered_levels:9:0.380:8,1.8205552350203869,0.9947678398439008,0.005232160156099175,1.6138920232421496,0.22671745424739065,23,348,3.9880108290890166,0.18881314399923355,3.8894870273298965,-0.015224834845672941,1
joint_g00_0090,11915,448.19845569165795,0.9999906285509784,843.6347622106688,15.240381177501495,0.990680738105225,17.164371524337668,35.329855266717914,1.2663701867250343,1.0086242896474928,0.9935175640855541,1.0,1.0,1.0149724315927429,0.9935175640855541,1.0,1,0.9834848080710548,0.9787393741700092,0.0161829142482606,0.0068363389659291,-0.0311896330613349,-0.019865323421921,0.0,0.0,0.0,0.0,0.0012089620415205,0,staggered_levels:9:0.380:2,1.8363779376696292,0.994815391805921,0.005184608194078955,1.6285098172466737,0.2287678174192037,23,350,4.830979361757533,-0.0009371449021577938,4.830463932061346,-0.01998003104769497,1
